time,MET,T_C,RH_pct,P_hPa
   0.5s,28763,24.40,46.0,993.2
   1.0s,28764,24.40,46.0,993.2
   1.5s,28765,24.50,46.0,993.2
   2.0s,28766,24.50,46.0,993.2
   2.5s,28767,24.50,46.0,993.2
   3.0s,28768,24.50,46.0,993.2
   3.5s,28769,24.50,46.0,993.2
   4.0s,28770,24.50,46.0,993.2
   4.5s,28771,24.50,46.0,993.2
   5.0s,28772,24.50,46.0,993.2
   5.5s,28773,24.50,46.0,993.2
   6.0s,28774,24.50,46.0,993.2
   6.5s,28775,24.50,46.0,993.2
   7.0s,28776,24.50,46.0,993.2
   7.5s,28777,24.50,46.0,993.2
   8.0s,28778,24.50,46.0,993.2
   8.5s,28779,24.50,46.0,993.2
   9.0s,28780,24.50,46.0,993.2
   9.5s,28781,24.50,46.0,993.2
  10.0s,28782,24.50,46.0,993.2
  10.5s,28783,24.50,46.0,993.2
  11.0s,28784,24.50,46.0,993.2
  11.5s,28785,24.50,46.0,993.2
  12.0s,28786,24.50,46.0,993.2
  12.5s,28787,24.50,46.0,993.2
  13.0s,28788,24.50,46.0,993.2
  13.5s,28789,24.50,46.0,993.2
  14.0s,28790,24.50,46.0,993.2
  14.5s,28791,24.50,46.0,993.2
  15.0s,28792,24.50,46.0,993.2
  15.5s,28793,24.50,46.0,993.2
  16.0s,28794,24.50,46.0,993.2
  16.5s,28795,24.50,46.0,993.2
  17.0s,28796,24.50,46.0,993.2
  17.5s,28797,24.50,46.0,993.2
  18.0s,28798,24.50,46.0,993.2
  18.5s,28799,24.50,46.0,993.2
  19.0s,28800,24.50,46.0,993.2
  19.5s,28801,24.50,46.0,993.2
  20.0s,28802,24.50,46.0,993.2
  20.5s,28803,24.50,46.0,993.2
  21.0s,28804,24.50,48.0,993.2
  21.5s,28805,24.50,50.0,993.2
  22.0s,28806,24.40,52.0,993.2
  22.5s,28807,24.40,50.0,993.2
  23.0s,28808,24.40,49.0,993.2
  23.5s,28809,24.40,49.0,993.2
  24.0s,28810,24.40,50.0,993.2
  24.5s,28811,24.40,50.0,993.2
  25.0s,28812,24.40,49.0,993.2
  25.5s,28813,24.40,48.0,993.2
  26.0s,28814,24.40,48.0,993.2
  26.5s,28815,24.40,48.0,993.2
  27.0s,28816,24.40,48.0,993.2
  27.5s,28817,24.40,47.0,993.2
  28.0s,28818,24.40,47.0,993.2
  28.5s,28819,24.50,47.0,993.2
  29.0s,28820,24.50,47.0,993.2
  29.5s,28821,24.50,47.0,993.2
  30.0s,28822,24.50,47.0,993.2
  30.5s,28823,24.50,47.0,993.2
  31.0s,28824,24.50,47.0,993.2
  31.5s,28825,24.50,47.0,993.2
  32.0s,28826,24.50,47.0,993.2
  32.5s,28827,24.50,47.0,993.2
  33.0s,28828,24.50,47.0,993.2
  33.5s,28829,24.50,47.0,993.2
  34.0s,28830,24.50,46.0,993.2
  34.5s,28831,24.50,46.0,993.2
  35.0s,28832,24.50,46.0,993.2
  35.5s,28833,24.50,46.0,993.2
  36.0s,28834,24.50,46.0,993.2
  36.5s,28835,24.50,46.0,993.2
  37.0s,28836,24.40,46.0,993.2
  37.5s,28837,24.40,46.0,993.2
  38.0s,28838,24.40,46.0,993.2
  38.5s,28839,24.50,46.0,993.2
  39.0s,28840,24.50,46.0,993.2
  39.5s,28841,24.50,46.0,993.2
  40.0s,28842,24.50,46.0,993.2
  40.5s,28843,24.40,46.0,993.2
  41.0s,28844,24.40,46.0,993.2
  41.5s,28845,24.40,46.0,993.2
  42.0s,28846,24.40,46.0,993.0
  42.5s,28847,24.40,46.0,993.0
  43.0s,28848,24.40,46.0,993.0
  43.5s,28849,24.40,46.0,993.2
  44.0s,28850,24.40,46.0,993.2
  44.5s,28851,24.40,46.0,993.2
  45.0s,28852,24.40,46.0,993.2
  45.5s,28853,24.40,46.0,993.2
  46.0s,28854,24.40,46.0,993.2
  46.5s,28855,24.40,46.0,993.2
  47.0s,28856,24.40,46.0,993.2
  47.5s,28857,24.40,46.0,993.2
  48.0s,28858,24.40,46.0,993.2
  48.5s,28859,24.40,46.0,993.2
  49.0s,28860,24.40,46.0,993.2
  49.5s,28861,24.40,46.0,993.2
  50.0s,28862,24.40,46.0,993.2
  50.5s,28863,24.40,46.0,993.2
  51.0s,28864,24.40,46.0,993.2
  51.5s,28865,24.40,46.0,993.2
  52.0s,28866,24.40,46.0,993.2
  52.5s,28867,24.40,46.0,993.2
  53.0s,28868,24.40,46.0,993.2
  53.5s,28869,24.40,46.0,993.2
  54.0s,28870,24.40,46.0,993.2
  54.5s,28871,24.40,46.0,993.2
  55.0s,28872,24.40,46.0,993.2
  55.5s,28873,24.40,46.0,993.2
  56.0s,28874,24.40,46.0,993.2
  56.5s,28875,24.40,46.0,993.2
  57.0s,28876,24.40,46.0,993.2
  57.5s,28877,24.40,46.0,993.2
  58.0s,28878,24.40,46.0,993.2
  58.5s,28879,24.40,46.0,993.2
  59.0s,28880,24.40,46.0,993.2
  59.5s,28881,24.40,46.0,993.2
  60.0s,28882,24.40,46.0,993.2
  60.5s,28883,24.40,46.0,993.2
  61.0s,28884,24.40,46.0,993.2
  61.5s,28885,24.40,46.0,993.2
  62.0s,28886,24.40,46.0,993.2
  62.5s,28887,24.40,46.0,993.2
  63.0s,28888,24.40,46.0,993.2
  63.5s,28889,24.40,46.0,993.2
  64.0s,28890,24.40,46.0,993.2
  64.5s,28891,24.40,46.0,993.2
  65.0s,28892,24.40,46.0,993.2
  65.5s,28893,24.40,46.0,993.2
  66.0s,28894,24.40,46.0,993.2
  66.5s,28895,24.40,46.0,993.2
  67.0s,28896,24.40,46.0,993.2
  67.5s,28897,24.40,46.0,993.2
  68.0s,28898,24.40,46.0,993.2
  68.5s,28899,24.40,46.0,993.2
  69.0s,28900,24.40,46.0,993.2
  69.5s,28901,24.40,46.0,993.2
  70.0s,28902,24.40,46.0,993.2
  70.5s,28903,24.40,46.0,993.2
  71.0s,28904,24.40,46.0,993.2
  71.5s,28905,24.40,46.0,993.2
  72.0s,28906,24.40,46.0,993.2
  72.5s,28907,24.40,46.0,993.2
  73.0s,28908,24.40,46.0,993.2
  73.5s,28909,24.40,46.0,993.2
  74.0s,28910,24.40,46.0,993.2
  74.5s,28911,24.40,46.0,993.2
  75.0s,28912,24.40,46.0,993.2
  75.5s,28913,24.40,46.0,993.2
  76.0s,28914,24.40,46.0,993.2
  76.5s,28915,24.40,46.0,993.2
  77.0s,28916,24.40,46.0,993.2
  77.5s,28917,24.40,46.0,993.2
  78.0s,28918,24.40,46.0,993.2
  78.5s,28919,24.40,46.0,993.2
  79.0s,28920,24.40,46.0,993.2
  79.5s,28921,24.40,46.0,993.2
  80.0s,28922,24.40,46.0,993.2
  80.5s,28923,24.40,46.0,993.2
  81.0s,28924,24.40,46.0,993.2
  81.5s,28925,24.40,46.0,993.2
  82.0s,28926,24.40,46.0,993.2
  82.5s,28927,24.40,46.0,993.2
  83.0s,28928,24.40,46.0,993.2
  83.5s,28929,24.40,46.0,993.2
  84.0s,28930,24.40,46.0,993.2
  84.5s,28931,24.40,46.0,993.2
  85.0s,28932,24.40,46.0,993.2
  85.5s,28933,24.40,46.0,993.2
  86.0s,28934,24.40,46.0,993.2
  86.5s,28935,24.40,46.0,993.2
  87.0s,28936,24.40,46.0,993.2
  87.5s,28937,24.40,46.0,993.2
  88.0s,28938,24.40,46.0,993.2
  88.5s,28939,24.40,46.0,993.2
  89.0s,28940,24.40,46.0,993.2
  89.5s,28941,24.40,46.0,993.2
  90.0s,28942,24.40,46.0,993.2
  90.5s,28943,24.40,46.0,993.2
  91.0s,28944,24.40,46.0,993.2
  91.5s,28945,24.40,46.0,993.2
  92.0s,28946,24.40,46.0,993.2
  92.5s,28947,24.40,46.0,993.2
  93.0s,28948,24.40,46.0,993.2
  93.5s,28949,24.40,46.0,993.2
  94.0s,28950,24.40,46.0,993.2
  94.5s,28951,24.40,46.0,993.2
  95.0s,28952,24.40,46.0,993.2
  95.5s,28953,24.40,46.0,993.2
  96.0s,28954,24.40,46.0,993.2
  96.5s,28955,24.40,46.0,993.2
  97.0s,28956,24.40,46.0,993.2
  97.5s,28957,24.40,46.0,993.2
  98.0s,28958,24.40,46.0,993.2
  98.5s,28959,24.40,46.0,993.2
  99.0s,28960,24.40,46.0,993.2
  99.5s,28961,24.40,46.0,993.2
 100.0s,28962,24.40,46.0,993.2
 100.5s,28963,24.40,46.0,993.2
 101.0s,28964,24.40,46.0,993.2
 101.5s,28965,24.40,46.0,993.2
 102.0s,28966,24.40,46.0,993.2
 102.5s,28967,24.40,46.0,993.2
 103.0s,28968,24.40,46.0,993.2
 103.5s,28969,24.40,46.0,993.2
 104.0s,28970,24.40,46.0,993.2
 104.5s,28971,24.40,46.0,993.2
 105.0s,28972,24.40,46.0,993.2
 105.5s,28973,24.40,46.0,993.2
 106.0s,28974,24.40,46.0,993.2
 106.5s,28975,24.40,46.0,993.2
 107.0s,28976,24.40,46.0,993.2
 107.5s,28977,24.30,50.0,993.2
 108.0s,28978,24.30,54.0,993.2
 108.5s,28979,24.30,56.0,993.2
 109.0s,28980,24.30,55.0,993.2
 109.5s,28981,24.30,53.0,993.2
 110.0s,28982,24.30,52.0,993.2
 110.5s,28983,24.30,51.0,993.2
 111.0s,28984,24.30,50.0,993.2
 111.5s,28985,24.30,49.0,993.2
 112.0s,28986,24.30,49.0,993.2
 112.5s,28987,24.30,48.0,993.2
 113.0s,28988,24.30,48.0,993.2
 113.5s,28989,24.30,48.0,993.2
 114.0s,28990,24.30,48.0,993.2
 114.5s,28991,24.30,47.0,993.2
 115.0s,28992,24.30,47.0,993.2
 115.5s,28993,24.30,47.0,993.2
 116.0s,28994,24.30,47.0,993.2
 116.5s,28995,24.30,47.0,993.2
 117.0s,28996,24.30,47.0,993.2
 117.5s,28997,24.30,47.0,993.2
 118.0s,28998,24.30,47.0,993.2
 118.5s,28999,24.30,47.0,993.2
 119.0s,29000,24.30,47.0,993.2
 119.5s,29001,24.30,47.0,993.2
 120.0s,29002,24.30,47.0,993.2
 120.5s,29003,24.30,47.0,993.2
 121.0s,29004,24.30,47.0,993.2
 121.5s,29005,24.30,47.0,993.2
 122.0s,29006,24.30,47.0,993.2
 122.5s,29007,24.30,47.0,993.2
 123.0s,29008,24.30,47.0,993.2
 123.5s,29009,24.30,47.0,993.2
 124.0s,29010,24.30,47.0,993.2
 124.5s,29011,24.30,47.0,993.2
 125.0s,29012,24.30,47.0,993.2
 125.5s,29013,24.30,46.0,993.2
 126.0s,29014,24.20,46.0,993.2
 126.5s,29015,24.20,47.0,993.2
 127.0s,29016,24.20,51.0,993.0
 127.5s,29017,24.20,56.0,993.0
 128.0s,29018,24.30,57.0,993.0
 128.5s,29019,24.40,57.0,993.0
 129.0s,29020,24.50,58.0,993.0
 129.5s,29021,24.60,61.0,993.0
 130.0s,29022,24.80,63.0,993.0
 130.5s,29023,25.00,65.0,993.0
 131.0s,29024,25.20,65.0,992.9
 131.5s,29025,25.60,66.0,992.9
 132.0s,29026,25.90,66.0,992.9
 132.5s,29027,26.20,66.0,992.9
 133.0s,29028,26.40,66.0,992.9
 133.5s,29029,26.70,66.0,993.0
 134.0s,29030,27.00,67.0,993.0
 134.5s,29031,27.30,67.0,993.0
 135.0s,29032,27.50,67.0,993.0
 135.5s,29033,27.70,67.0,993.0
 136.0s,29034,27.90,67.0,993.0
 136.5s,29035,28.10,66.0,993.0
 137.0s,29036,28.40,66.0,993.0
 137.5s,29037,28.60,66.0,993.0
 138.0s,29038,28.80,66.0,993.0
 138.5s,29039,29.00,66.0,993.0
 139.0s,29040,29.10,66.0,993.0
 139.5s,29041,29.30,66.0,993.0
 140.0s,29042,29.40,66.0,993.0
 140.5s,29043,29.60,65.0,993.0
 141.0s,29044,29.80,65.0,993.0
 141.5s,29045,29.90,65.0,993.0
 142.0s,29046,30.10,65.0,993.0
 142.5s,29047,30.20,65.0,993.0
 143.0s,29048,30.30,65.0,993.0
 143.5s,29049,30.40,64.0,993.0
 144.0s,29050,30.50,64.0,993.0
 144.5s,29051,30.70,64.0,993.0
 145.0s,29052,30.80,64.0,993.0
 145.5s,29053,30.90,64.0,993.0
 146.0s,29054,31.00,63.0,993.0
 146.5s,29055,31.10,63.0,993.0
 147.0s,29056,31.10,63.0,993.0
 147.5s,29057,31.20,63.0,993.0
 148.0s,29058,31.30,63.0,993.0
 148.5s,29059,31.40,63.0,993.0
 149.0s,29060,31.50,62.0,993.0
 149.5s,29061,31.60,62.0,993.0
 150.0s,29062,31.60,56.0,993.0
 150.5s,29063,31.70,49.0,993.0
 151.0s,29064,31.70,45.0,993.0
 151.5s,29065,31.70,43.0,993.2
 152.0s,29066,31.70,41.0,993.2
 152.5s,29067,31.60,40.0,993.2
 153.0s,29068,31.60,39.0,993.2
 153.5s,29069,31.50,39.0,993.2
 154.0s,29070,31.40,38.0,993.2
 154.5s,29071,31.40,38.0,993.2
 155.0s,29072,31.30,38.0,993.2
 155.5s,29073,31.20,37.0,993.2
 156.0s,29074,31.10,37.0,993.2
 156.5s,29075,31.10,37.0,993.2
 157.0s,29076,31.00,37.0,993.2
 157.5s,29077,30.90,37.0,993.2
 158.0s,29078,30.80,37.0,993.0
 158.5s,29079,30.70,37.0,993.0
 159.0s,29080,30.70,37.0,993.2
 159.5s,29081,30.60,37.0,993.2
 160.0s,29082,30.50,37.0,993.2
 160.5s,29083,30.50,37.0,993.2
 161.0s,29084,30.40,37.0,993.2
 161.5s,29085,30.30,37.0,993.2
 162.0s,29086,30.20,37.0,993.2
 162.5s,29087,30.20,37.0,993.2
 163.0s,29088,30.10,37.0,993.2
 163.5s,29089,30.10,37.0,993.2
 164.0s,29090,30.00,37.0,993.2
 164.5s,29091,29.90,37.0,993.2
 165.0s,29092,29.90,37.0,993.2
 165.5s,29093,29.80,37.0,993.2
 166.0s,29094,29.80,37.0,993.2
 166.5s,29095,29.70,37.0,993.2
 167.0s,29096,29.60,37.0,993.2
 167.5s,29097,29.60,37.0,993.0
 168.0s,29098,29.50,37.0,993.0
 168.5s,29099,29.50,37.0,993.0
 169.0s,29100,29.40,37.0,993.2
 169.5s,29101,29.40,37.0,993.2
 170.0s,29102,29.30,37.0,993.2
 170.5s,29103,29.30,37.0,993.2
 171.0s,29104,29.20,37.0,993.2
 171.5s,29105,29.20,37.0,993.0
 172.0s,29106,29.10,37.0,993.0
 172.5s,29107,29.10,37.0,993.0
 173.0s,29108,29.00,37.0,993.0
 173.5s,29109,29.00,37.0,993.0
 174.0s,29110,28.90,38.0,993.2
 174.5s,29111,28.90,38.0,993.2
 175.0s,29112,28.80,38.0,993.0
 175.5s,29113,28.80,38.0,993.0
 176.0s,29114,28.70,38.0,993.0
 176.5s,29115,28.70,38.0,993.0
 177.0s,29116,28.70,38.0,993.0
 177.5s,29117,28.60,38.0,993.0
 178.0s,29118,28.60,38.0,993.0
 178.5s,29119,28.50,38.0,993.0
 179.0s,29120,28.50,38.0,993.0
 179.5s,29121,28.50,38.0,993.2
 180.0s,29122,28.40,38.0,993.2
 180.5s,29123,28.40,38.0,993.2
 181.0s,29124,28.30,38.0,993.0
 181.5s,29125,28.30,38.0,993.0
 182.0s,29126,28.20,38.0,993.0
 182.5s,29127,28.20,38.0,993.0
 183.0s,29128,28.20,38.0,993.2
 183.5s,29129,28.10,39.0,993.2
 184.0s,29130,28.10,39.0,993.2
 184.5s,29131,28.10,39.0,993.2
 185.0s,29132,28.00,39.0,993.2
 185.5s,29133,28.00,39.0,993.0
 186.0s,29134,27.90,39.0,993.0
 186.5s,29135,27.90,39.0,993.2
 187.0s,29136,27.90,39.0,993.2
 187.5s,29137,27.80,39.0,993.2
 188.0s,29138,27.80,39.0,993.0
 188.5s,29139,27.70,39.0,993.0
 189.0s,29140,27.70,39.0,993.2
 189.5s,29141,27.70,39.0,993.2
 190.0s,29142,27.70,39.0,993.2
 190.5s,29143,27.60,39.0,993.2
 191.0s,29144,27.60,39.0,993.2
 191.5s,29145,27.50,39.0,993.2
 192.0s,29146,27.50,39.0,993.0
 192.5s,29147,27.50,40.0,993.0
 193.0s,29148,27.50,40.0,993.2
 193.5s,29149,27.40,40.0,993.2
 194.0s,29150,27.40,40.0,993.2
 194.5s,29151,27.40,40.0,993.2
 195.0s,29152,27.30,40.0,993.2
 195.5s,29153,27.30,40.0,993.2
 196.0s,29154,27.30,40.0,993.2
 196.5s,29155,27.20,40.0,993.0
 197.0s,29156,27.20,40.0,993.2
 197.5s,29157,27.20,40.0,993.0
 198.0s,29158,27.10,40.0,993.2
 198.5s,29159,27.10,40.0,993.2
 199.0s,29160,27.10,40.0,993.2
 199.5s,29161,27.10,40.0,993.2
 200.0s,29162,27.00,40.0,993.2
 200.5s,29163,27.00,40.0,993.2
 201.0s,29164,27.00,40.0,993.2
 201.5s,29165,26.90,40.0,993.2
 202.0s,29166,26.90,41.0,993.0
 202.5s,29167,26.90,41.0,993.0
 203.0s,29168,26.80,41.0,993.2
 203.5s,29169,26.80,41.0,993.2
 204.0s,29170,26.80,41.0,993.2
 204.5s,29171,26.80,41.0,993.2
 205.0s,29172,26.70,41.0,993.0
 205.5s,29173,26.70,41.0,993.0
 206.0s,29174,26.70,41.0,993.0
 206.5s,29175,26.60,41.0,993.0
 207.0s,29176,26.60,41.0,993.0
 207.5s,29177,26.60,41.0,993.0
 208.0s,29178,26.60,41.0,993.0
 208.5s,29179,26.50,41.0,993.0
 209.0s,29180,26.50,41.0,993.0
 209.5s,29181,26.50,41.0,993.0
 210.0s,29182,26.50,41.0,993.2
 210.5s,29183,26.40,41.0,993.2
 211.0s,29184,26.40,41.0,993.0
 211.5s,29185,26.40,42.0,993.0
 212.0s,29186,26.40,42.0,993.0
 212.5s,29187,26.30,42.0,993.0
 213.0s,29188,26.30,42.0,993.0
 213.5s,29189,26.30,42.0,993.0
 214.0s,29190,26.30,42.0,993.0
 214.5s,29191,26.30,42.0,993.0
 215.0s,29192,26.30,42.0,993.0
 215.5s,29193,26.30,42.0,993.0
 216.0s,29194,26.30,42.0,993.0
 216.5s,29195,26.20,42.0,993.0
 217.0s,29196,26.20,42.0,993.0
 217.5s,29197,26.20,42.0,993.0
 218.0s,29198,26.20,42.0,993.0
 218.5s,29199,26.20,42.0,993.0
 219.0s,29200,26.20,42.0,993.0
 219.5s,29201,26.20,42.0,993.2
 220.0s,29202,26.20,42.0,993.2
 220.5s,29203,26.10,42.0,993.2
 221.0s,29204,26.10,42.0,993.0
 221.5s,29205,26.10,42.0,993.0
 222.0s,29206,26.10,42.0,993.0
 222.5s,29207,26.10,42.0,993.0
 223.0s,29208,26.00,42.0,993.0
 223.5s,29209,26.00,42.0,993.0
 224.0s,29210,26.00,42.0,993.0
 224.5s,29211,26.00,42.0,993.0
 225.0s,29212,26.00,42.0,993.0
 225.5s,29213,26.00,42.0,993.0
 226.0s,29214,26.00,42.0,993.0
 226.5s,29215,25.90,42.0,993.0
 227.0s,29216,25.90,42.0,993.0
 227.5s,29217,25.90,42.0,993.0
 228.0s,29218,25.90,42.0,993.0
 228.5s,29219,25.90,43.0,993.0
 229.0s,29220,25.90,43.0,993.0
 229.5s,29221,25.90,43.0,993.0
 230.0s,29222,25.80,43.0,993.2
 230.5s,29223,25.80,43.0,993.2
 231.0s,29224,25.80,43.0,993.0
 231.5s,29225,25.80,43.0,993.0
 232.0s,29226,25.80,43.0,993.0
 232.5s,29227,25.80,43.0,993.0
 233.0s,29228,25.70,43.0,993.2
 233.5s,29229,25.70,43.0,993.2
 234.0s,29230,25.70,43.0,993.2
 234.5s,29231,25.70,43.0,993.2
 235.0s,29232,25.70,43.0,993.2
 235.5s,29233,25.60,43.0,993.0
 236.0s,29234,25.60,43.0,993.0
 236.5s,29235,25.60,43.0,993.2
 237.0s,29236,25.60,43.0,993.0
 237.5s,29237,25.60,43.0,993.0
 238.0s,29238,25.60,43.0,993.0
 238.5s,29239,25.50,43.0,993.0
 239.0s,29240,25.50,43.0,993.0
 239.5s,29241,25.50,43.0,993.0
 240.0s,29242,25.50,43.0,993.2
 240.5s,29243,25.50,43.0,993.0
 241.0s,29244,25.50,43.0,993.0
 241.5s,29245,25.50,43.0,993.0
 242.0s,29246,25.40,43.0,993.0
 242.5s,29247,25.40,43.0,993.0
 243.0s,29248,25.40,43.0,993.0
 243.5s,29249,25.40,43.0,993.0
 244.0s,29250,25.40,43.0,993.0
 244.5s,29251,25.40,43.0,993.0
 245.0s,29252,25.40,43.0,993.0
 245.5s,29253,25.30,43.0,993.0
 246.0s,29254,25.30,44.0,993.0
 246.5s,29255,25.30,44.0,993.0
 247.0s,29256,25.30,44.0,993.0
 247.5s,29257,25.30,44.0,993.0
 248.0s,29258,25.30,44.0,993.0
 248.5s,29259,25.30,44.0,993.0
 249.0s,29260,25.30,44.0,993.0
 249.5s,29261,25.30,44.0,993.0
 250.0s,29262,25.30,44.0,993.0
 250.5s,29263,25.30,44.0,993.0
 251.0s,29264,25.20,44.0,993.0
 251.5s,29265,25.20,44.0,993.0
 252.0s,29266,25.20,44.0,993.0
 252.5s,29267,25.20,44.0,993.0
 253.0s,29268,25.20,44.0,993.0
 253.5s,29269,25.20,44.0,993.0
 254.0s,29270,25.20,44.0,993.2
 254.5s,29271,25.20,44.0,993.2
 255.0s,29272,25.20,44.0,993.2
 255.5s,29273,25.20,44.0,993.2
 256.0s,29274,25.20,44.0,993.0
 256.5s,29275,25.20,44.0,993.0
 257.0s,29276,25.10,44.0,993.0
 257.5s,29277,25.10,44.0,993.0
 258.0s,29278,25.10,44.0,993.0
 258.5s,29279,25.10,44.0,993.2
 259.0s,29280,25.10,44.0,993.2
 259.5s,29281,25.10,44.0,993.2
 260.0s,29282,25.10,44.0,993.2
 260.5s,29283,25.10,44.0,993.2
 261.0s,29284,25.10,44.0,993.2
 261.5s,29285,25.10,44.0,993.2
 262.0s,29286,25.00,44.0,993.0
 262.5s,29287,25.00,44.0,993.0
 263.0s,29288,25.00,44.0,993.0
 263.5s,29289,25.00,44.0,993.2
 264.0s,29290,25.00,44.0,993.2
 264.5s,29291,25.00,44.0,993.2
 265.0s,29292,25.00,44.0,993.2
 265.5s,29293,25.00,44.0,993.2
 266.0s,29294,25.00,44.0,993.2
 266.5s,29295,25.00,44.0,993.2
 267.0s,29296,25.00,44.0,993.2
 267.5s,29297,25.00,44.0,993.2
 268.0s,29298,25.00,44.0,993.2
 268.5s,29299,25.00,44.0,993.2
 269.0s,29300,25.00,44.0,993.2
 269.5s,29301,24.90,45.0,993.2
 270.0s,29302,24.90,45.0,993.2
 270.5s,29303,24.90,45.0,993.2
 271.0s,29304,24.90,45.0,993.2
 271.5s,29305,24.90,45.0,993.2
 272.0s,29306,24.90,45.0,993.2
 272.5s,29307,24.90,45.0,993.0
 273.0s,29308,24.90,45.0,993.0
 273.5s,29309,24.90,45.0,993.2
 274.0s,29310,24.90,45.0,993.2
 274.5s,29311,24.90,45.0,993.2
 275.0s,29312,24.90,45.0,993.2
 275.5s,29313,24.90,45.0,993.2
 276.0s,29314,24.90,45.0,993.2
 276.5s,29315,24.80,45.0,993.2
 277.0s,29316,24.80,45.0,993.0
 277.5s,29317,24.80,45.0,993.0
 278.0s,29318,24.80,45.0,993.0
 278.5s,29319,24.80,45.0,993.2
 279.0s,29320,24.80,45.0,993.2
 279.5s,29321,24.80,45.0,993.2
 280.0s,29322,24.80,45.0,993.2
 280.5s,29323,24.80,45.0,993.2
 281.0s,29324,24.80,45.0,993.2
 281.5s,29325,24.80,45.0,993.0
 282.0s,29326,24.80,45.0,993.0
 282.5s,29327,24.80,45.0,993.2
 283.0s,29328,24.80,45.0,993.2
 283.5s,29329,24.80,45.0,993.2
 284.0s,29330,24.80,45.0,993.2
 284.5s,29331,24.80,45.0,993.2
 285.0s,29332,24.70,45.0,993.2
 285.5s,29333,24.70,45.0,993.0
 286.0s,29334,24.70,45.0,993.2
 286.5s,29335,24.70,45.0,993.2
 287.0s,29336,24.70,45.0,993.2
 287.5s,29337,24.70,45.0,993.0
 288.0s,29338,24.70,45.0,993.0
 288.5s,29339,24.70,45.0,993.0
 289.0s,29340,24.70,45.0,993.0
 289.5s,29341,24.70,45.0,993.2
 290.0s,29342,24.70,45.0,993.2
 290.5s,29343,24.70,45.0,993.2
 291.0s,29344,24.70,45.0,993.2
 291.5s,29345,24.70,45.0,993.0
 292.0s,29346,24.70,45.0,993.0
 292.5s,29347,24.70,45.0,993.0
 293.0s,29348,24.70,45.0,993.0
 293.5s,29349,24.70,45.0,993.2
 294.0s,29350,24.70,45.0,993.2
 294.5s,29351,24.70,45.0,993.2
 295.0s,29352,24.70,45.0,993.2
 295.5s,29353,24.60,45.0,993.2
 296.0s,29354,24.60,45.0,993.2
 296.5s,29355,24.60,45.0,993.2
 297.0s,29356,24.60,45.0,993.2
 297.5s,29357,24.60,45.0,993.2
 298.0s,29358,24.60,45.0,993.2
 298.5s,29359,24.60,45.0,993.2
 299.0s,29360,24.60,45.0,993.2
 299.5s,29361,24.60,45.0,993.2
 300.0s,29362,24.60,45.0,993.2
 300.5s,29363,24.60,45.0,993.2
 301.0s,29364,24.60,45.0,993.2
 301.5s,29365,24.60,45.0,993.2
 302.0s,29366,24.60,45.0,993.2
 302.5s,29367,24.60,45.0,993.2
 303.0s,29368,24.60,45.0,993.2
 303.5s,29369,24.60,45.0,993.2
 304.0s,29370,24.60,45.0,993.2
 304.5s,29371,24.60,45.0,993.2
 305.0s,29372,24.60,45.0,993.2
 305.5s,29373,24.60,45.0,993.2
 306.0s,29374,24.60,45.0,993.2
 306.5s,29375,24.60,45.0,993.2
 307.0s,29376,24.60,45.0,993.2
 307.5s,29377,24.50,45.0,993.2
 308.0s,29378,24.50,45.0,993.2
 308.5s,29379,24.60,45.0,993.2
 309.0s,29380,24.60,45.0,993.2
 309.5s,29381,24.60,45.0,993.2
 310.0s,29382,24.60,45.0,993.2
 310.5s,29383,24.50,45.0,993.2
 311.0s,29384,24.50,45.0,993.2
 311.5s,29385,24.50,45.0,993.2
 312.0s,29386,24.50,45.0,993.2
 312.5s,29387,24.50,45.0,993.2
 313.0s,29388,24.50,45.0,993.2
 313.5s,29389,24.50,45.0,993.2
 314.0s,29390,24.50,46.0,993.2
 314.5s,29391,24.50,45.0,993.2
 315.0s,29392,24.50,45.0,993.2
 315.5s,29393,24.50,45.0,993.2
 316.0s,29394,24.50,45.0,993.2
 316.5s,29395,24.50,45.0,993.2
 317.0s,29396,24.50,45.0,993.2
 317.5s,29397,24.50,45.0,993.0
 318.0s,29398,24.50,45.0,993.2
 318.5s,29399,24.50,45.0,993.2
 319.0s,29400,24.50,45.0,993.2
 319.5s,29401,24.50,45.0,993.2
 320.0s,29402,24.50,45.0,993.2
 320.5s,29403,24.50,45.0,993.2
 321.0s,29404,24.50,45.0,993.2
 321.5s,29405,24.50,45.0,993.2
 322.0s,29406,24.50,45.0,993.2
 322.5s,29407,24.50,45.0,993.2
 323.0s,29408,24.50,45.0,993.2
 323.5s,29409,24.50,45.0,993.2
 324.0s,29410,24.50,45.0,993.2
 324.5s,29411,24.50,45.0,993.2
 325.0s,29412,24.50,45.0,993.2
 325.5s,29413,24.50,45.0,993.2
 326.0s,29414,24.50,45.0,993.2
 326.5s,29415,24.50,45.0,993.2
 327.0s,29416,24.50,45.0,993.2
 327.5s,29417,24.50,45.0,993.2
 328.0s,29418,24.50,45.0,993.2
 328.5s,29419,24.50,45.0,993.2
 329.0s,29420,24.50,45.0,993.2
 329.5s,29421,24.50,45.0,993.2
 330.0s,29422,24.50,45.0,993.2
 330.5s,29423,24.50,45.0,993.2
 331.0s,29424,24.50,45.0,993.2
 331.5s,29425,24.50,45.0,993.2
 332.0s,29426,24.50,45.0,993.2
 332.5s,29427,24.50,45.0,993.2
 333.0s,29428,24.50,45.0,993.2
 333.5s,29429,24.50,45.0,993.2
 334.0s,29430,24.50,45.0,993.2
 334.5s,29431,24.50,45.0,993.2
 335.0s,29432,24.50,45.0,993.2
 335.5s,29433,24.50,45.0,993.2
 336.0s,29434,24.50,45.0,993.2
 336.5s,29435,24.50,45.0,993.2
 337.0s,29436,24.50,45.0,993.2
 337.5s,29437,24.50,45.0,993.2
 338.0s,29438,24.50,45.0,993.2
 338.5s,29439,24.50,45.0,993.2
 339.0s,29440,24.50,45.0,993.2
 339.5s,29441,24.50,45.0,993.2
 340.0s,29442,24.50,45.0,993.2
 340.5s,29443,24.50,45.0,993.2
 341.0s,29444,24.50,45.0,993.2
 341.5s,29445,24.50,45.0,993.2
 342.0s,29446,24.50,45.0,993.2
 342.5s,29447,24.50,45.0,993.2
 343.0s,29448,24.50,45.0,993.2
 343.5s,29449,24.50,45.0,993.2
 344.0s,29450,24.50,45.0,993.2
 344.5s,29451,24.50,45.0,993.2
 345.0s,29452,24.50,45.0,993.2
 345.5s,29453,24.50,45.0,993.2
 346.0s,29454,24.50,45.0,993.2
 346.5s,29455,24.50,45.0,993.2
 347.0s,29456,24.50,45.0,993.2
 347.5s,29457,24.50,45.0,993.2
 348.0s,29458,24.50,45.0,993.2
 348.5s,29459,24.50,45.0,993.2
 349.0s,29460,24.60,45.0,993.2
 349.5s,29461,24.60,45.0,993.2
 350.0s,29462,24.60,45.0,993.2
 350.5s,29463,24.60,45.0,993.2
 351.0s,29464,24.50,45.0,993.2
 351.5s,29465,24.50,45.0,993.2
 352.0s,29466,24.50,45.0,993.2
 352.5s,29467,24.50,45.0,993.2
 353.0s,29468,24.50,45.0,993.2
 353.5s,29469,24.60,45.0,993.2
 354.0s,29470,24.60,45.0,993.2
 354.5s,29471,24.60,45.0,993.2
 355.0s,29472,24.60,45.0,993.2
 355.5s,29473,24.60,45.0,993.2
 356.0s,29474,24.60,45.0,993.2
 356.5s,29475,24.60,45.0,993.2
 357.0s,29476,24.60,45.0,993.2
 357.5s,29477,24.50,45.0,993.2
 358.0s,29478,24.50,45.0,993.2
 358.5s,29479,24.60,45.0,993.2
 359.0s,29480,24.60,45.0,993.2
 359.5s,29481,24.60,45.0,993.2
 360.0s,29482,24.60,45.0,993.2
 360.5s,29483,24.60,45.0,993.2
 361.0s,29484,24.50,45.0,993.2
 361.5s,29485,24.50,45.0,993.2
 362.0s,29486,24.50,45.0,993.2
 362.5s,29487,24.50,45.0,993.2
 363.0s,29488,24.50,45.0,993.2
 363.5s,29489,24.50,45.0,993.2
 364.0s,29490,24.50,45.0,993.2
 364.5s,29491,24.50,45.0,993.2
 365.0s,29492,24.50,45.0,993.2
 365.5s,29493,24.50,45.0,993.2
 366.0s,29494,24.50,45.0,993.2
 366.5s,29495,24.50,45.0,993.2
 367.0s,29496,24.50,45.0,993.2
 367.5s,29497,24.50,45.0,993.2
 368.0s,29498,24.50,45.0,993.2
 368.5s,29499,24.50,45.0,993.2
 369.0s,29500,24.50,45.0,993.2
 369.5s,29501,24.50,45.0,993.2
 370.0s,29502,24.50,45.0,993.2
 370.5s,29503,24.50,45.0,993.2
 371.0s,29504,24.50,45.0,993.2
 371.5s,29505,24.50,45.0,993.2
 372.0s,29506,24.50,45.0,993.2
 372.5s,29507,24.50,45.0,993.2
 373.0s,29508,24.50,45.0,993.2
 373.5s,29509,24.50,45.0,993.2
 374.0s,29510,24.50,45.0,993.2
 374.5s,29511,24.50,45.0,993.2
 375.0s,29512,24.40,45.0,993.2
 375.5s,29513,24.40,45.0,993.2
 376.0s,29514,24.40,45.0,993.2
 376.5s,29515,24.40,45.0,993.2
 377.0s,29516,24.40,46.0,993.2
 377.5s,29517,24.40,49.0,993.2
 378.0s,29518,24.40,53.0,993.2
 378.5s,29519,24.40,52.0,993.2
 379.0s,29520,24.40,51.0,993.2
 379.5s,29521,24.40,50.0,993.2
 380.0s,29522,24.40,49.0,993.2
 380.5s,29523,24.30,49.0,993.2
 381.0s,29524,24.30,48.0,993.2
 381.5s,29525,24.30,48.0,993.2
 382.0s,29526,24.30,47.0,993.2
 382.5s,29527,24.30,47.0,993.0
 383.0s,29528,24.30,47.0,993.2
 383.5s,29529,24.30,47.0,993.2
 384.0s,29530,24.30,46.0,993.2
 384.5s,29531,24.30,46.0,993.2
 385.0s,29532,24.30,46.0,993.2
 385.5s,29533,24.30,46.0,993.2
 386.0s,29534,24.30,46.0,993.0
 386.5s,29535,24.30,46.0,993.2
 387.0s,29536,24.30,46.0,993.2
 387.5s,29537,24.30,46.0,993.0
 388.0s,29538,24.30,46.0,993.0
 388.5s,29539,24.30,46.0,993.2
 389.0s,29540,24.30,46.0,993.2
 389.5s,29541,24.30,46.0,993.2
 390.0s,29542,24.30,46.0,993.2
 390.5s,29543,24.30,46.0,993.2
 391.0s,29544,24.30,46.0,993.2
 391.5s,29545,24.20,46.0,993.2
 392.0s,29546,24.20,46.0,993.2
 392.5s,29547,24.20,46.0,993.2
 393.0s,29548,24.20,46.0,993.2
 393.5s,29549,24.20,46.0,993.2
 394.0s,29550,24.20,46.0,993.2
 394.5s,29551,24.20,46.0,993.2
 395.0s,29552,24.20,46.0,993.2
 395.5s,29553,24.20,46.0,993.2
 396.0s,29554,24.20,46.0,993.2
 396.5s,29555,24.20,46.0,993.2
 397.0s,29556,24.20,46.0,993.2
 397.5s,29557,24.20,46.0,993.2
 398.0s,29558,24.20,46.0,993.2
 398.5s,29559,24.20,46.0,993.2
 399.0s,29560,24.20,46.0,993.2
 399.5s,29561,24.20,46.0,993.2
 400.0s,29562,24.20,46.0,993.2
 400.5s,29563,24.20,46.0,993.2
 401.0s,29564,24.20,46.0,993.2
 401.5s,29565,24.20,46.0,993.2
 402.0s,29566,24.20,46.0,993.2
 402.5s,29567,24.20,46.0,993.2
 403.0s,29568,24.20,46.0,993.2
 403.5s,29569,24.20,46.0,993.2
 404.0s,29570,24.20,46.0,993.2
 404.5s,29571,24.20,46.0,993.2
 405.0s,29572,24.20,46.0,993.2
 405.5s,29573,24.20,46.0,993.2
 406.0s,29574,24.20,46.0,993.2
 406.5s,29575,24.20,46.0,993.2
 407.0s,29576,24.20,46.0,993.2
 407.5s,29577,24.20,46.0,993.2
 408.0s,29578,24.20,46.0,993.2
 408.5s,29579,24.20,46.0,993.2
 409.0s,29580,24.20,46.0,993.2
 409.5s,29581,24.20,46.0,993.2
